emp_no,gender,dept_name,title
10095,M,Sales,Senior Staff
10122,M,Development,Technique Leader
10291,M,Sales,Senior Staff
10476,M,Research,Senior Staff
10663,M,Development,Technique Leader
10663,M,Production,Technique Leader
10762,M,Research,Senior Staff
10933,F,Production,Senior Engineer
12155,M,Production,Senior Engineer
12408,M,Development,Senior Engineer
12643,F,Finance,Staff
13499,M,Production,Technique Leader
14075,M,Development,Engineer
14104,M,Human Resources,Senior Staff
14127,F,Production,Senior Engineer
14158,F,Sales,Senior Staff
14476,M,Production,Engineer
14907,M,Sales,Senior Staff
15050,M,Production,Senior Engineer
15058,M,Finance,Senior Staff
15413,M,Development,Senior Engineer
16461,M,Sales,Senior Staff
16528,F,Production,Engineer
17013,M,Finance,Senior Staff
17206,M,Production,Senior Engineer
17369,M,Development,Senior Engineer
17369,M,Production,Senior Engineer
17447,F,Sales,Staff
17731,M,Development,Engineer
17970,M,Production,Technique Leader
17988,M,Production,Senior Engineer
18021,M,Development,Senior Engineer
18424,M,Development,Senior Engineer
18583,F,Customer Service,Staff
18617,M,Human Resources,Senior Staff
18810,M,Development,Senior Engineer
19236,F,Production,Senior Engineer
19350,M,Customer Service,Senior Staff
19803,F,Development,Senior Engineer
20100,F,Marketing,Senior Staff
20128,F,Customer Service,Senior Staff
20129,M,Production,Senior Engineer
20248,M,Customer Service,Staff
20313,M,Production,Engineer
20500,M,Customer Service,Senior Staff
20885,M,Production,Senior Engineer
21181,F,Production,Engineer
21188,F,Development,Engineer
21546,F,Sales,Senior Staff
21546,F,Marketing,Senior Staff
21843,M,Development,Senior Engineer
21909,M,Sales,Senior Staff
22185,M,Development,Engineer
22185,M,Production,Engineer
22415,M,Sales,Senior Staff
22451,M,Research,Senior Staff
22451,M,Development,Senior Staff
22455,F,Marketing,Senior Staff
22926,M,Production,Senior Engineer
23396,F,Production,Technique Leader
24080,F,Development,Technique Leader
24205,F,Development,Senior Engineer
24377,F,Quality Management,Senior Engineer
24394,M,Sales,Staff
24553,M,Sales,Senior Staff
24571,F,Production,Senior Engineer
25488,M,Research,Senior Staff
26629,M,Research,Senior Staff
26671,F,Development,Senior Engineer
26788,M,Development,Senior Engineer
27331,F,Customer Service,Senior Staff
27378,M,Finance,Senior Staff
27620,M,Production,Senior Engineer
27686,M,Sales,Senior Staff
27699,F,Production,Engineer
27767,F,Customer Service,Senior Staff
28193,M,Development,Senior Engineer
28974,F,Development,Senior Engineer
28988,M,Production,Technique Leader
29130,F,Marketing,Staff
29265,M,Customer Service,Senior Staff
29380,F,Production,Assistant Engineer
29418,M,Production,Assistant Engineer
29679,M,Development,Senior Engineer
29782,M,Quality Management,Senior Engineer
29782,M,Production,Senior Engineer
29954,F,Production,Senior Engineer
30007,F,Production,Senior Engineer
30035,M,Research,Senior Staff
30154,M,Development,Technique Leader
30182,M,Development,Senior Engineer
30465,M,Development,Senior Engineer
30484,M,Sales,Staff
30695,M,Development,Senior Engineer
30938,F,Sales,Senior Staff
30938,F,Marketing,Senior Staff
31147,M,Finance,Senior Staff
31188,M,Production,Technique Leader
31207,F,Production,Senior Engineer
31341,M,Finance,Senior Staff
31514,M,Development,Senior Engineer
31568,M,Marketing,Staff
31909,M,Development,Engineer
31909,M,Production,Engineer
32347,M,Marketing,Senior Staff
32552,M,Development,Engineer
32649,M,Research,Senior Staff
32714,M,Sales,Staff
32714,M,Marketing,Staff
32844,M,Development,Engineer
33025,M,Customer Service,Senior Staff
33215,M,Production,Technique Leader
33722,M,Research,Senior Engineer
33722,M,Development,Senior Engineer
34077,F,Sales,Senior Staff
34261,M,Human Resources,Senior Staff
34446,M,Development,Senior Engineer
34452,M,Production,Senior Engineer
34505,F,Sales,Senior Staff
34533,M,Quality Management,Senior Engineer
34533,M,Production,Senior Engineer
34780,F,Sales,Staff
34780,F,Marketing,Staff
34788,F,Production,Senior Engineer
34936,F,Production,Technique Leader
35044,F,Production,Senior Engineer
35087,M,Customer Service,Senior Staff
35441,F,Research,Senior Engineer
35441,F,Development,Senior Engineer
35642,F,Quality Management,Senior Engineer
35642,F,Production,Senior Engineer
35793,M,Customer Service,Senior Staff
35798,F,Development,Senior Engineer
36521,M,Finance,Senior Staff
36626,M,Sales,Senior Staff
36733,M,Customer Service,Staff
36844,M,Customer Service,Staff
36982,M,Quality Management,Senior Engineer
37070,F,Customer Service,Senior Staff
37945,M,Development,Senior Engineer
38043,M,Development,Senior Engineer
38103,M,Production,Senior Engineer
38168,M,Sales,Senior Staff
38550,F,Quality Management,Senior Engineer
38593,M,Production,Senior Engineer
38947,F,Human Resources,Senior Staff
38947,F,Marketing,Senior Staff
39000,M,Research,Senior Staff
39036,F,Human Resources,Staff
39301,F,Research,Senior Staff
39341,F,Production,Senior Engineer
39952,M,Sales,Staff
40269,F,Sales,Senior Staff
40283,M,Development,Senior Engineer
40301,M,Customer Service,Senior Engineer
40301,M,Production,Senior Engineer
40536,F,Development,Senior Engineer
40765,F,Research,Senior Staff
40773,M,Customer Service,Senior Staff
40983,F,Development,Technique Leader
41114,M,Production,Technique Leader
41137,F,Customer Service,Senior Staff
41137,F,Sales,Senior Staff
41357,M,Development,Engineer
41518,F,Quality Management,Senior Engineer
41518,F,Production,Senior Engineer
41520,M,Development,Senior Engineer
41609,F,Sales,Senior Staff
42778,F,Human Resources,Senior Staff
42911,M,Production,Senior Engineer
42950,F,Research,Senior Staff
42955,M,Quality Management,Engineer
43154,F,Finance,Senior Staff
43733,M,Human Resources,Senior Staff
43848,M,Production,Engineer
44054,M,Development,Engineer
44265,M,Development,Engineer
44540,F,Development,Senior Engineer
44900,F,Marketing,Senior Staff
44959,F,Production,Senior Engineer
44962,F,Development,Assistant Engineer
45162,F,Development,Senior Engineer
46000,F,Customer Service,Senior Staff
46328,F,Sales,Senior Staff
46811,M,Production,Senior Engineer
46834,M,Sales,Senior Staff
46943,F,Development,Senior Engineer
47016,F,Customer Service,Senior Staff
47139,F,Development,Engineer
47262,M,Development,Senior Engineer
47515,M,Development,Senior Engineer
47702,F,Sales,Senior Staff
47708,M,Marketing,Senior Staff
48275,F,Sales,Senior Staff
48690,M,Human Resources,Staff
48882,M,Production,Senior Engineer
48904,M,Finance,Senior Staff
48947,M,Sales,Senior Staff
49010,F,Sales,Senior Staff
49010,F,Marketing,Senior Staff
49017,F,Development,Senior Engineer
49119,F,Production,Senior Engineer
49177,M,Production,Engineer
49464,M,Sales,Staff
49477,F,Human Resources,Senior Staff
50293,M,Production,Engineer
50311,M,Quality Management,Senior Engineer
50453,F,Finance,Staff
50670,F,Marketing,Senior Staff
50831,M,Development,Senior Engineer
50831,M,Production,Senior Engineer
51036,F,Sales,Staff
51057,M,Marketing,Senior Staff
51060,M,Development,Senior Engineer
51142,F,Development,Senior Engineer
52038,M,Production,Senior Engineer
52040,M,Research,Senior Staff
52040,M,Development,Senior Staff
52283,M,Research,Senior Staff
52386,M,Sales,Senior Staff
52590,M,Research,Senior Staff
52590,M,Development,Senior Staff
52599,F,Customer Service,Senior Engineer
52599,F,Production,Senior Engineer
52639,M,Sales,Senior Staff
52770,M,Sales,Senior Staff
52778,M,Quality Management,Technique Leader
52956,F,Quality Management,Senior Engineer
52956,F,Production,Senior Engineer
52970,M,Production,Senior Engineer
53278,M,Sales,Senior Staff
53314,F,Research,Staff
53431,M,Customer Service,Senior Staff
53431,M,Marketing,Senior Staff
53499,F,Production,Senior Engineer
53597,M,Development,Senior Engineer
53874,M,Marketing,Senior Staff
53924,F,Production,Senior Engineer
54198,M,Development,Senior Engineer
54632,M,Finance,Senior Staff
54795,F,Customer Service,Senior Staff
54795,F,Production,Senior Staff
54800,M,Sales,Staff
55640,F,Production,Senior Engineer
55687,M,Development,Senior Engineer
55799,F,Production,Senior Engineer
55857,M,Sales,Senior Staff
56105,F,Development,Senior Engineer
56209,M,Production,Senior Engineer
56415,M,Finance,Senior Staff
56428,M,Sales,Senior Staff
56682,F,Development,Assistant Engineer
56829,M,Quality Management,Engineer
56829,M,Production,Engineer
56847,M,Quality Management,Senior Engineer
56847,M,Production,Senior Engineer
57934,M,Development,Senior Engineer
58141,M,Finance,Staff
58147,M,Marketing,Senior Staff
58384,F,Development,Senior Engineer
58454,M,Production,Engineer
58497,M,Sales,Senior Staff
58497,M,Marketing,Senior Staff
58819,F,Sales,Senior Staff
58990,M,Development,Engineer
59195,M,Development,Technique Leader
59640,F,Finance,Staff
59869,M,Marketing,Senior Staff
59966,M,Production,Technique Leader
60000,M,Development,Engineer
60091,F,Customer Service,Senior Staff
60238,F,Sales,Staff
60238,F,Marketing,Staff
60559,M,Production,Senior Engineer
60821,F,Human Resources,Senior Staff
60845,F,Production,Engineer
60875,F,Quality Management,Senior Engineer
60959,M,Sales,Senior Staff
60959,M,Marketing,Senior Staff
61147,M,Marketing,Staff
61253,M,Research,Senior Engineer
61253,M,Development,Senior Engineer
61377,M,Customer Service,Senior Staff
61377,M,Production,Senior Staff
61541,M,Development,Senior Engineer
61873,M,Quality Management,Engineer
62033,M,Production,Senior Engineer
62046,M,Production,Senior Engineer
62245,F,Development,Engineer
63294,M,Production,Senior Engineer
63419,F,Production,Senior Engineer
63441,F,Human Resources,Staff
63566,F,Sales,Senior Staff
63631,M,Customer Service,Senior Engineer
63631,M,Production,Senior Engineer
63706,F,Development,Engineer
64023,M,Development,Senior Engineer
64209,M,Customer Service,Senior Staff
64487,M,Quality Management,Senior Engineer
64532,M,Production,Senior Engineer
64632,F,Sales,Senior Staff
64790,M,Development,Senior Engineer
64828,F,Sales,Staff
64984,F,Quality Management,Senior Engineer
64984,F,Production,Senior Engineer
65171,M,Production,Technique Leader
65539,M,Development,Senior Engineer
65883,M,Sales,Senior Staff
65998,F,Sales,Senior Staff
66382,F,Production,Engineer
66530,M,Research,Staff
66643,F,Production,Engineer
66702,F,Development,Senior Engineer
66757,M,Marketing,Staff
66807,F,Development,Senior Engineer
67320,M,Marketing,Senior Staff
67548,M,Human Resources,Staff
67934,M,Production,Senior Engineer
68416,F,Production,Senior Engineer
68608,M,Production,Senior Engineer
68633,F,Production,Senior Engineer
68648,M,Development,Technique Leader
69052,M,Sales,Senior Staff
69219,F,Sales,Senior Staff
69219,F,Marketing,Senior Staff
69867,M,Sales,Senior Staff
69878,M,Development,Engineer
69936,F,Development,Assistant Engineer
69936,F,Production,Assistant Engineer
70469,M,Marketing,Senior Staff
70990,F,Production,Senior Engineer
71066,F,Sales,Senior Staff
71141,F,Human Resources,Senior Staff
71188,M,Sales,Senior Staff
71243,F,Production,Senior Engineer
71334,M,Research,Senior Engineer
71334,M,Development,Senior Engineer
71685,F,Production,Senior Engineer
71710,F,Development,Assistant Engineer
71745,M,Development,Engineer
72190,F,Development,Engineer
72194,M,Production,Senior Engineer
72232,F,Quality Management,Senior Engineer
72640,F,Quality Management,Senior Engineer
72918,M,Sales,Senior Staff
73076,F,Development,Senior Engineer
73233,F,Production,Senior Engineer
73516,F,Production,Senior Engineer
73743,M,Customer Service,Engineer
73743,M,Production,Engineer
74200,F,Production,Senior Engineer
74344,M,Development,Engineer
74668,F,Sales,Senior Staff
74800,F,Production,Senior Engineer
75354,M,Development,Senior Engineer
75703,M,Development,Senior Engineer
76189,F,Production,Senior Engineer
76201,M,Development,Senior Engineer
76640,M,Quality Management,Senior Engineer
77030,F,Development,Technique Leader
77303,F,Customer Service,Senior Staff
77647,F,Production,Technique Leader
77815,M,Development,Engineer
78106,M,Sales,Senior Staff
78106,M,Marketing,Senior Staff
78363,M,Quality Management,Engineer
78469,M,Human Resources,Staff
78871,M,Development,Senior Engineer
79043,M,Production,Technique Leader
79171,M,Production,Senior Engineer
79310,F,Marketing,Senior Staff
79606,F,Development,Senior Engineer
79763,M,Marketing,Senior Staff
79895,M,Sales,Senior Staff
80067,M,Customer Service,Senior Staff
80203,M,Sales,Staff
80432,F,Research,Senior Staff
80731,M,Sales,Senior Staff
80850,M,Production,Senior Engineer
80889,F,Development,Senior Engineer
80948,M,Development,Senior Engineer
81105,M,Development,Senior Engineer
81545,M,Quality Management,Technique Leader
81545,M,Development,Technique Leader
81644,M,Sales,Staff
81995,M,Development,Senior Engineer
82069,F,Production,Senior Engineer
82098,F,Production,Senior Engineer
82351,F,Human Resources,Senior Staff
82511,F,Development,Engineer
82919,M,Quality Management,Engineer
82919,M,Development,Engineer
82928,F,Development,Senior Engineer
83280,M,Production,Senior Engineer
83289,M,Development,Senior Engineer
83509,M,Development,Senior Engineer
83544,M,Sales,Senior Staff
83714,M,Customer Service,Senior Engineer
83714,M,Production,Senior Engineer
83805,F,Development,Senior Engineer
83941,F,Research,Senior Staff
84029,F,Customer Service,Staff
84179,F,Production,Senior Engineer
84236,F,Sales,Senior Staff
84315,M,Development,Assistant Engineer
84451,M,Development,Senior Engineer
84508,M,Development,Engineer
84840,M,Research,Staff
84922,F,Development,Engineer
84942,F,Quality Management,Technique Leader
85216,F,Finance,Senior Staff
85288,M,Quality Management,Senior Engineer
85288,M,Production,Senior Engineer
85414,F,Finance,Staff
85445,M,Sales,Staff
85702,M,Quality Management,Engineer
85874,F,Customer Service,Senior Staff
86213,M,Sales,Senior Staff
86213,M,Marketing,Senior Staff
86354,F,Development,Senior Engineer
86422,F,Marketing,Senior Staff
86546,F,Production,Senior Engineer
86655,F,Production,Engineer
86672,F,Research,Staff
87129,F,Sales,Staff
87353,M,Development,Senior Engineer
87714,M,Production,Engineer
87729,M,Research,Senior Staff
87783,M,Development,Senior Engineer
88103,M,Sales,Senior Staff
88411,F,Development,Engineer
88422,M,Production,Technique Leader
88647,M,Development,Engineer
88958,F,Finance,Senior Staff
88965,F,Development,Engineer
89048,F,Development,Senior Engineer
89090,F,Human Resources,Senior Staff
89161,M,Finance,Senior Staff
89207,F,Human Resources,Senior Staff
89346,M,Development,Engineer
89590,F,Research,Senior Staff
89664,M,Marketing,Staff
89680,F,Production,Senior Engineer
89806,M,Production,Senior Engineer
89922,M,Production,Senior Engineer
89941,F,Marketing,Senior Staff
90077,M,Development,Engineer
90084,M,Production,Senior Engineer
90211,F,Production,Engineer
90292,M,Production,Senior Engineer
90518,M,Customer Service,Senior Staff
90614,M,Production,Engineer
90692,M,Marketing,Senior Staff
91172,M,Customer Service,Senior Staff
91182,F,Development,Senior Engineer
91229,M,Production,Senior Engineer
91256,M,Marketing,Staff
91333,M,Sales,Staff
91415,M,Sales,Senior Staff
91648,F,Marketing,Senior Staff
92438,M,Customer Service,Senior Engineer
92438,M,Production,Senior Engineer
92454,M,Quality Management,Senior Engineer
92577,M,Production,Assistant Engineer
92598,M,Production,Assistant Engineer
92685,M,Sales,Senior Staff
92841,M,Sales,Senior Staff
92846,M,Marketing,Senior Staff
92920,M,Development,Senior Engineer
93040,F,Development,Senior Engineer
93220,M,Quality Management,Senior Engineer
93278,F,Production,Senior Engineer
93549,F,Sales,Senior Staff
93549,F,Finance,Senior Staff
93600,M,Production,Technique Leader
94331,M,Production,Technique Leader
94416,F,Sales,Senior Staff
94416,F,Finance,Senior Staff
94761,M,Development,Senior Engineer
94944,M,Development,Senior Engineer
95181,F,Research,Staff
95286,F,Development,Senior Engineer
95314,F,Sales,Senior Staff
95406,M,Development,Engineer
95416,M,Development,Engineer
95509,F,Production,Engineer
95920,F,Finance,Senior Staff
96571,F,Production,Senior Engineer
96579,M,Production,Engineer
96767,F,Production,Senior Engineer
97018,F,Production,Senior Engineer
97623,M,Human Resources,Senior Staff
97661,M,Research,Senior Staff
98288,F,Research,Senior Staff
98306,M,Development,Senior Engineer
98306,M,Production,Senior Engineer
98639,M,Research,Staff
99057,M,Customer Service,Staff
99373,M,Customer Service,Senior Staff
99377,F,Development,Senior Engineer
99590,F,Sales,Staff
99654,F,Research,Senior Staff
100865,M,Production,Senior Engineer
100916,M,Development,Senior Engineer
101487,M,Sales,Senior Staff
101647,M,Sales,Senior Staff
101902,M,Sales,Senior Staff
102620,M,Quality Management,Engineer
102620,M,Production,Engineer
103196,M,Human Resources,Senior Staff
103310,F,Marketing,Senior Staff
103316,M,Development,Senior Engineer
103342,M,Quality Management,Engineer
103756,M,Development,Engineer
104133,M,Sales,Senior Staff
104845,M,Finance,Senior Staff
104988,M,Development,Senior Engineer
105342,F,Quality Management,Technique Leader
105356,M,Research,Senior Engineer
105356,M,Development,Senior Engineer
105432,M,Development,Senior Engineer
105520,M,Sales,Senior Staff
105731,F,Development,Engineer
106096,M,Production,Senior Engineer
106242,M,Human Resources,Senior Staff
106695,F,Research,Senior Staff
106695,F,Development,Senior Staff
106710,M,Marketing,Senior Staff
107486,F,Development,Senior Engineer
107737,M,Development,Senior Engineer
107792,M,Marketing,Senior Staff
107828,M,Sales,Senior Staff
108091,M,Customer Service,Senior Staff
108198,F,Research,Senior Staff
108316,F,Production,Senior Engineer
108988,M,Sales,Senior Staff
109062,M,Development,Senior Engineer
109211,M,Research,Senior Engineer
109211,M,Development,Senior Engineer
109252,M,Production,Technique Leader
109278,M,Finance,Senior Staff
109552,F,Development,Engineer
109598,M,Finance,Senior Staff
109620,F,Sales,Senior Staff
109703,M,Production,Engineer
109741,M,Production,Senior Engineer
109953,F,Sales,Senior Staff
200267,M,Customer Service,Senior Staff
200312,F,Quality Management,Senior Engineer
200312,F,Production,Senior Engineer
200363,F,Development,Senior Engineer
200735,F,Marketing,Senior Staff
200789,F,Marketing,Senior Staff
201229,M,Human Resources,Staff
201708,F,Human Resources,Senior Staff
201709,M,Finance,Senior Staff
201739,F,Development,Assistant Engineer
201801,M,Development,Senior Engineer
201915,M,Production,Senior Engineer
202291,F,Production,Engineer
202403,F,Production,Engineer
202414,F,Customer Service,Senior Staff
202552,M,Production,Senior Engineer
202826,M,Development,Senior Engineer
202882,M,Development,Senior Engineer
202950,F,Human Resources,Senior Staff
203474,M,Sales,Senior Staff
203495,M,Development,Technique Leader
203599,M,Development,Technique Leader
203720,M,Sales,Senior Staff
203946,F,Human Resources,Senior Staff
204117,M,Customer Service,Staff
204117,M,Sales,Staff
204133,M,Finance,Senior Staff
204246,M,Research,Senior Staff
204425,F,Development,Senior Engineer
204470,M,Customer Service,Senior Staff
204470,M,Sales,Senior Staff
204471,F,Development,Senior Engineer
204764,M,Development,Senior Engineer
205018,M,Quality Management,Engineer
205085,M,Development,Technique Leader
205174,M,Marketing,Staff
205500,F,Development,Senior Engineer
205627,M,Production,Senior Engineer
205660,M,Human Resources,Staff
205660,M,Marketing,Staff
205699,M,Sales,Senior Staff
205789,M,Finance,Senior Staff
205863,M,Quality Management,Senior Engineer
206748,F,Sales,Staff
206836,M,Research,Senior Staff
206966,M,Development,Senior Engineer
207021,M,Production,Engineer
207068,M,Marketing,Senior Staff
207204,M,Development,Engineer
207401,M,Research,Senior Staff
207551,M,Development,Assistant Engineer
207779,M,Research,Senior Staff
207980,M,Human Resources,Senior Staff
208147,M,Development,Senior Engineer
208330,F,Sales,Senior Staff
208639,M,Customer Service,Senior Staff
208639,M,Sales,Senior Staff
208653,F,Development,Senior Engineer
208784,F,Production,Senior Engineer
209101,M,Quality Management,Senior Engineer
209443,M,Human Resources,Senior Staff
209565,M,Marketing,Senior Staff
209712,F,Development,Engineer
210017,M,Human Resources,Senior Staff
210292,M,Human Resources,Staff
210449,M,Production,Engineer
210752,F,Marketing,Senior Staff
210786,M,Human Resources,Staff
211858,F,Production,Senior Engineer
211879,F,Development,Senior Engineer
211967,M,Development,Senior Engineer
212093,M,Human Resources,Senior Staff
212154,M,Customer Service,Senior Staff
212361,M,Quality Management,Senior Engineer
213016,M,Development,Senior Engineer
213140,M,Sales,Staff
213384,F,Development,Senior Engineer
213447,M,Production,Senior Engineer
214215,M,Sales,Senior Staff
214391,F,Customer Service,Senior Staff
214427,F,Production,Engineer
214539,F,Development,Engineer
214634,F,Development,Senior Engineer
214789,F,Production,Senior Engineer
214866,F,Development,Senior Engineer
214995,M,Production,Engineer
215419,M,Human Resources,Staff
215629,M,Customer Service,Senior Staff
215746,M,Finance,Staff
215843,F,Marketing,Senior Staff
216054,M,Research,Senior Staff
216342,M,Development,Senior Engineer
216375,M,Development,Senior Engineer
216502,F,Development,Engineer
216573,F,Production,Senior Engineer
216921,F,Sales,Senior Staff
217026,F,Sales,Senior Staff
217080,M,Development,Senior Engineer
217272,M,Sales,Senior Staff
217286,F,Development,Technique Leader
217320,F,Quality Management,Engineer
217363,M,Customer Service,Staff
217387,M,Development,Senior Engineer
217551,F,Production,Senior Engineer
217800,F,Finance,Senior Staff
218022,M,Development,Technique Leader
218100,M,Human Resources,Senior Staff
218831,F,Production,Engineer
219035,F,Quality Management,Technique Leader
219047,M,Development,Senior Engineer
219052,F,Marketing,Staff
219417,M,Research,Staff
219497,F,Development,Technique Leader
219967,F,Human Resources,Senior Staff
220029,F,Development,Senior Engineer
220131,F,Development,Senior Engineer
220418,F,Sales,Staff
220528,M,Research,Senior Staff
220582,M,Marketing,Senior Staff
220611,F,Sales,Senior Staff
220625,F,Production,Technique Leader
220699,M,Customer Service,Staff
220799,F,Research,Senior Engineer
220799,F,Development,Senior Engineer
221126,F,Development,Senior Engineer
221367,F,Customer Service,Senior Staff
221369,F,Quality Management,Engineer
221435,M,Production,Senior Engineer
221973,F,Marketing,Senior Staff
222206,M,Human Resources,Senior Staff
222311,M,Development,Senior Engineer
222319,M,Development,Senior Engineer
222354,F,Development,Engineer
222616,F,Quality Management,Assistant Engineer
222770,F,Development,Senior Engineer
222878,F,Development,Senior Engineer
222878,F,Production,Senior Engineer
222926,M,Development,Senior Engineer
222952,M,Production,Senior Engineer
222998,M,Human Resources,Senior Staff
222998,M,Marketing,Senior Staff
223593,M,Marketing,Staff
223595,M,Production,Technique Leader
224135,F,Development,Engineer
224335,F,Development,Senior Engineer
224390,M,Research,Senior Staff
224934,M,Human Resources,Senior Staff
225438,M,Sales,Senior Staff
225601,M,Development,Engineer
225788,M,Development,Engineer
225867,M,Quality Management,Senior Engineer
225964,F,Production,Senior Engineer
226216,F,Quality Management,Technique Leader
226227,M,Production,Senior Engineer
227354,F,Development,Senior Engineer
227476,M,Development,Senior Engineer
227681,F,Finance,Staff
227899,F,Marketing,Staff
227901,F,Research,Senior Staff
228098,M,Customer Service,Engineer
228098,M,Production,Engineer
228248,F,Research,Senior Staff
228554,F,Sales,Senior Staff
228766,F,Development,Senior Engineer
228766,F,Production,Senior Engineer
229098,F,Customer Service,Senior Staff
229220,F,Production,Senior Engineer
229248,M,Research,Staff
229386,F,Customer Service,Technique Leader
229386,F,Production,Technique Leader
229391,M,Production,Senior Engineer
229404,M,Human Resources,Staff
229547,M,Sales,Senior Staff
229727,M,Development,Engineer
229981,M,Production,Senior Engineer
230002,F,Development,Senior Engineer
230126,M,Customer Service,Senior Staff
230287,M,Production,Assistant Engineer
230354,F,Human Resources,Senior Staff
230498,M,Production,Senior Engineer
230579,M,Finance,Senior Staff
230689,F,Sales,Senior Staff
230865,M,Sales,Staff
230865,M,Marketing,Staff
231069,F,Sales,Staff
231459,M,Production,Assistant Engineer
231671,F,Customer Service,Staff
231798,M,Development,Senior Engineer
232178,F,Human Resources,Senior Staff
232209,M,Quality Management,Senior Engineer
232697,F,Production,Senior Engineer
232723,M,Quality Management,Engineer
233114,M,Development,Senior Engineer
233394,M,Development,Engineer
233397,M,Sales,Senior Staff
233426,M,Development,Senior Engineer
233690,F,Development,Engineer
233759,F,Customer Service,Engineer
233759,F,Production,Engineer
233765,F,Development,Senior Engineer
233785,F,Sales,Senior Staff
233818,M,Development,Senior Engineer
234195,M,Sales,Senior Staff
234739,M,Production,Senior Engineer
235017,M,Sales,Senior Staff
235096,M,Customer Service,Senior Staff
235096,M,Sales,Senior Staff
235325,M,Development,Senior Engineer
235368,M,Production,Senior Engineer
235458,M,Research,Senior Staff
235729,M,Marketing,Senior Staff
235780,F,Production,Senior Engineer
235793,F,Quality Management,Senior Engineer
235793,F,Production,Senior Engineer
236315,M,Development,Technique Leader
236566,F,Customer Service,Senior Staff
236591,M,Marketing,Senior Staff
236827,F,Development,Senior Engineer
236883,F,Sales,Staff
236964,M,Customer Service,Staff
236964,M,Sales,Staff
238112,F,Production,Technique Leader
238252,M,Sales,Staff
238422,M,Sales,Senior Staff
238949,F,Sales,Senior Staff
239067,M,Sales,Staff
239244,M,Sales,Senior Staff
239415,M,Production,Senior Engineer
239426,F,Research,Engineer
239426,F,Development,Engineer
239664,F,Production,Senior Engineer
239706,M,Production,Assistant Engineer
239748,F,Sales,Senior Staff
239803,M,Research,Senior Staff
240132,F,Customer Service,Senior Staff
240236,M,Production,Senior Engineer
240285,M,Customer Service,Staff
240340,M,Production,Senior Engineer
240438,M,Customer Service,Senior Staff
240870,M,Research,Senior Staff
240870,M,Production,Senior Staff
241100,M,Development,Senior Engineer
241254,F,Development,Senior Engineer
241292,M,Customer Service,Senior Staff
241292,M,Marketing,Senior Staff
241567,M,Development,Senior Engineer
241667,M,Production,Senior Engineer
241728,F,Customer Service,Senior Engineer
241728,F,Production,Senior Engineer
241872,F,Customer Service,Senior Staff
241872,F,Development,Senior Staff
242019,F,Development,Senior Engineer
242019,F,Production,Senior Engineer
242081,M,Production,Engineer
242104,F,Marketing,Senior Staff
242500,M,Sales,Senior Staff
242800,F,Development,Engineer
243018,F,Marketing,Senior Staff
243077,F,Production,Senior Engineer
243576,M,Sales,Senior Staff
243637,F,Marketing,Senior Staff
243898,M,Marketing,Staff
244308,F,Marketing,Senior Staff
244605,M,Human Resources,Senior Staff
244605,M,Finance,Senior Staff
244624,F,Research,Senior Staff
244711,M,Production,Engineer
244714,F,Production,Senior Engineer
244820,F,Development,Senior Engineer
244873,M,Sales,Senior Staff
245164,F,Production,Senior Engineer
245396,M,Human Resources,Senior Staff
245664,M,Sales,Staff
246146,F,Quality Management,Senior Engineer
246244,F,Human Resources,Staff
246364,M,Development,Engineer
246764,M,Sales,Staff
246798,F,Sales,Senior Staff
246798,F,Marketing,Senior Staff
246902,M,Human Resources,Staff
247089,M,Sales,Senior Staff
247122,F,Human Resources,Senior Staff
247447,M,Production,Senior Engineer
247456,F,Production,Engineer
247612,F,Development,Engineer
247875,M,Marketing,Senior Staff
247888,M,Quality Management,Senior Engineer
248256,M,Sales,Staff
248351,M,Marketing,Senior Staff
248758,M,Customer Service,Senior Staff
248758,M,Sales,Senior Staff
248953,M,Production,Assistant Engineer
249239,M,Development,Senior Engineer
249325,M,Sales,Staff
249433,F,Production,Senior Engineer
249504,M,Research,Senior Engineer
249504,M,Development,Senior Engineer
249780,F,Customer Service,Senior Engineer
249780,F,Production,Senior Engineer
249799,M,Development,Senior Engineer
249866,M,Sales,Senior Staff
249969,M,Production,Senior Engineer
250411,F,Sales,Senior Staff
250452,M,Development,Senior Engineer
250748,F,Development,Senior Engineer
251166,M,Finance,Senior Staff
251233,M,Production,Senior Engineer
251301,M,Sales,Senior Staff
251341,M,Human Resources,Senior Staff
251403,M,Development,Technique Leader
251437,M,Development,Engineer
251645,M,Sales,Senior Staff
251680,F,Development,Senior Engineer
251814,M,Production,Technique Leader
252185,F,Quality Management,Engineer
252316,F,Development,Senior Engineer
252392,M,Production,Senior Engineer
253029,M,Quality Management,Engineer
253707,M,Sales,Staff
253838,M,Production,Assistant Engineer
253893,M,Production,Senior Engineer
254044,M,Quality Management,Senior Engineer
254399,M,Production,Technique Leader
254821,M,Sales,Staff
255466,M,Production,Senior Engineer
255657,F,Development,Senior Engineer
255779,M,Production,Technique Leader
256216,F,Production,Engineer
256856,M,Human Resources,Senior Staff
256881,M,Development,Senior Engineer
256888,F,Marketing,Staff
257062,F,Development,Senior Engineer
257378,F,Marketing,Senior Staff
257469,F,Finance,Senior Staff
257484,M,Human Resources,Senior Staff
258028,F,Research,Engineer
258028,F,Development,Engineer
258124,F,Sales,Senior Staff
258470,F,Sales,Staff
258643,F,Development,Senior Engineer
259042,M,Sales,Staff
259237,F,Customer Service,Senior Staff
259273,F,Production,Senior Engineer
259611,M,Sales,Senior Staff
259619,F,Finance,Senior Staff
259718,M,Research,Senior Staff
259718,M,Development,Senior Staff
260153,F,Development,Technique Leader
260249,F,Customer Service,Staff
260361,M,Development,Engineer
260361,M,Production,Engineer
260399,F,Finance,Senior Staff
260408,M,Customer Service,Senior Staff
260501,M,Development,Technique Leader
261184,M,Production,Senior Engineer
261631,M,Development,Engineer
261662,F,Finance,Senior Staff
261737,M,Production,Senior Engineer
261986,F,Development,Senior Engineer
261990,M,Sales,Senior Staff
262208,M,Sales,Senior Staff
262208,M,Finance,Senior Staff
262210,M,Development,Senior Engineer
262328,F,Sales,Staff
262439,F,Marketing,Senior Staff
262636,F,Development,Senior Engineer
262636,F,Production,Senior Engineer
262752,M,Development,Engineer
262928,M,Quality Management,Senior Engineer
262928,M,Production,Senior Engineer
263012,F,Human Resources,Staff
263186,M,Development,Technique Leader
263370,M,Sales,Staff
263439,M,Development,Senior Engineer
263645,M,Development,Senior Engineer
263649,M,Sales,Senior Staff
263926,F,Sales,Senior Staff
264030,M,Production,Engineer
264167,M,Development,Senior Engineer
264322,F,Sales,Senior Staff
264626,M,Marketing,Senior Staff
264939,M,Development,Senior Engineer
264939,M,Production,Senior Engineer
265039,F,Finance,Senior Staff
265521,M,Production,Senior Engineer
265558,M,Sales,Senior Staff
265794,M,Sales,Senior Staff
265875,M,Production,Senior Engineer
266206,F,Marketing,Senior Staff
266249,M,Sales,Senior Staff
266310,F,Research,Senior Staff
266644,F,Finance,Senior Staff
266862,F,Research,Senior Staff
266881,M,Human Resources,Senior Staff
266881,M,Marketing,Senior Staff
267059,M,Customer Service,Senior Staff
267227,M,Production,Senior Engineer
267304,F,Sales,Senior Staff
267667,F,Sales,Senior Staff
268043,M,Development,Engineer
268191,M,Production,Senior Engineer
269728,M,Marketing,Senior Staff
270084,M,Marketing,Senior Staff
270716,M,Sales,Staff
270794,M,Marketing,Senior Staff
271106,M,Production,Engineer
271219,F,Production,Engineer
272141,F,Customer Service,Senior Staff
272141,F,Development,Senior Staff
272285,M,Customer Service,Senior Staff
272316,M,Production,Engineer
272452,M,Research,Engineer
272452,M,Development,Engineer
272599,M,Marketing,Senior Staff
272860,F,Production,Assistant Engineer
273159,F,Development,Technique Leader
273286,M,Development,Senior Engineer
273396,M,Development,Engineer
273806,F,Customer Service,Senior Staff
273806,F,Marketing,Senior Staff
273858,M,Sales,Senior Staff
274071,M,Human Resources,Staff
274271,F,Sales,Senior Staff
274369,F,Research,Senior Staff
274813,M,Sales,Senior Staff
275158,F,Development,Engineer
275263,M,Development,Senior Engineer
275444,M,Development,Senior Engineer
275495,M,Sales,Staff
275801,F,Sales,Senior Staff
275881,M,Production,Senior Engineer
275994,F,Production,Senior Engineer
276027,F,Research,Senior Staff
276184,M,Sales,Senior Staff
276186,M,Human Resources,Senior Staff
276189,F,Human Resources,Senior Staff
276445,M,Production,Senior Engineer
276472,F,Development,Senior Engineer
276563,F,Customer Service,Senior Staff
276868,F,Marketing,Staff
277316,M,Sales,Senior Staff
277362,M,Customer Service,Senior Staff
277420,F,Production,Senior Engineer
277777,M,Development,Senior Engineer
277829,M,Development,Senior Engineer
278239,F,Research,Staff
278386,M,Quality Management,Technique Leader
278452,F,Human Resources,Senior Staff
278536,F,Marketing,Senior Staff
278549,M,Sales,Senior Staff
278953,F,Development,Senior Engineer
279115,M,Development,Engineer
279280,F,Production,Senior Engineer
279791,F,Development,Engineer
280070,F,Human Resources,Senior Staff
280291,F,Customer Service,Staff
280420,M,Sales,Senior Staff
280525,M,Sales,Staff
280648,M,Production,Senior Engineer
281570,F,Development,Assistant Engineer
281692,M,Quality Management,Senior Engineer
281848,M,Development,Senior Engineer
281859,F,Production,Senior Engineer
282191,M,Development,Engineer
282333,F,Research,Senior Staff
282343,M,Sales,Senior Staff
282547,M,Development,Engineer
282585,F,Customer Service,Staff
282894,F,Development,Senior Engineer
284300,F,Marketing,Senior Staff
284431,M,Sales,Senior Staff
284561,F,Quality Management,Senior Engineer
284687,F,Development,Senior Engineer
284691,F,Development,Senior Engineer
284711,M,Development,Senior Engineer
284717,F,Development,Senior Engineer
284856,M,Quality Management,Senior Engineer
284954,M,Quality Management,Engineer
285164,F,Sales,Staff
285396,M,Development,Senior Engineer
285905,F,Research,Senior Staff
285906,M,Development,Engineer
286026,F,Sales,Senior Staff
286029,M,Customer Service,Staff
286370,M,Human Resources,Senior Staff
286452,F,Development,Engineer
286573,F,Development,Senior Engineer
286573,F,Production,Senior Engineer
286779,M,Production,Engineer
286986,M,Development,Senior Engineer
287323,M,Sales,Staff
287327,F,Human Resources,Senior Staff
287334,M,Production,Engineer
287482,F,Quality Management,Senior Engineer
287583,M,Production,Senior Engineer
287609,F,Development,Senior Engineer
287713,M,Finance,Senior Staff
287808,M,Development,Technique Leader
287983,M,Marketing,Senior Staff
287984,M,Development,Senior Engineer
288028,F,Development,Senior Engineer
288142,F,Sales,Senior Staff
288166,M,Human Resources,Staff
288560,M,Marketing,Senior Staff
288563,M,Production,Senior Engineer
288606,M,Sales,Senior Staff
288665,M,Development,Senior Engineer
288893,M,Development,Senior Engineer
289454,M,Development,Senior Engineer
289687,F,Research,Senior Staff
289807,F,Customer Service,Senior Staff
289909,F,Sales,Senior Staff
290009,M,Human Resources,Senior Staff
290075,M,Human Resources,Senior Staff
290284,F,Development,Engineer
290441,F,Sales,Senior Staff
290467,M,Research,Senior Staff
290478,F,Quality Management,Engineer
290563,F,Production,Senior Engineer
290769,F,Development,Senior Engineer
291352,M,Research,Technique Leader
291352,M,Development,Technique Leader
291612,M,Development,Engineer
291669,F,Development,Engineer
292110,F,Development,Senior Engineer
292146,F,Quality Management,Engineer
292146,F,Development,Engineer
292210,M,Development,Senior Engineer
292404,M,Research,Senior Staff
292504,F,Quality Management,Senior Engineer
292515,M,Development,Engineer
292828,F,Production,Senior Engineer
293080,M,Human Resources,Senior Staff
293154,F,Sales,Senior Staff
293154,F,Marketing,Senior Staff
293280,F,Development,Senior Engineer
293329,F,Development,Senior Engineer
293746,F,Development,Senior Engineer
293752,F,Sales,Senior Staff
294144,M,Sales,Senior Staff
294241,M,Finance,Senior Staff
294446,M,Finance,Staff
294461,F,Development,Senior Engineer
294527,F,Marketing,Senior Staff
294652,M,Research,Senior Engineer
294652,M,Development,Senior Engineer
294791,F,Development,Assistant Engineer
294857,M,Development,Senior Engineer
295030,M,Customer Service,Senior Staff
295236,M,Development,Senior Engineer
295254,M,Human Resources,Senior Staff
295255,M,Production,Technique Leader
295262,F,Production,Assistant Engineer
295268,M,Human Resources,Senior Staff
295278,M,Development,Senior Engineer
295411,M,Sales,Staff
295857,M,Human Resources,Senior Staff
296062,F,Research,Staff
296303,F,Development,Technique Leader
296428,F,Sales,Senior Staff
296664,M,Production,Senior Engineer
296687,M,Research,Senior Staff
296718,F,Production,Senior Engineer
297232,F,Sales,Senior Staff
297431,M,Marketing,Senior Staff
297474,M,Research,Staff
297905,M,Development,Assistant Engineer
297954,M,Production,Assistant Engineer
298339,M,Development,Senior Engineer
298577,M,Finance,Senior Staff
298953,F,Finance,Staff
299346,F,Human Resources,Senior Staff
299580,M,Quality Management,Engineer
299718,F,Research,Senior Staff
299737,M,Sales,Senior Staff
400046,M,Research,Senior Staff
400046,M,Development,Senior Staff
400358,F,Development,Senior Engineer
400683,M,Sales,Staff
400780,M,Development,Engineer
400796,F,Development,Engineer
401154,F,Human Resources,Senior Staff
401278,M,Production,Engineer
401333,M,Production,Senior Engineer
401420,F,Customer Service,Senior Staff
401574,M,Production,Technique Leader
402025,F,Quality Management,Senior Engineer
402102,M,Development,Engineer
402664,F,Production,Senior Engineer
402718,F,Development,Senior Engineer
402827,F,Human Resources,Senior Staff
402827,F,Finance,Senior Staff
403010,M,Development,Senior Engineer
403621,M,Marketing,Senior Staff
403644,F,Human Resources,Senior Staff
403954,F,Development,Senior Engineer
404018,F,Development,Senior Engineer
404236,M,Development,Senior Engineer
404462,M,Development,Senior Engineer
404573,F,Human Resources,Staff
404755,F,Marketing,Senior Staff
404788,M,Development,Engineer
405015,M,Sales,Senior Staff
405063,M,Quality Management,Senior Engineer
405063,M,Production,Senior Engineer
406125,F,Production,Technique Leader
406239,F,Development,Senior Engineer
406564,F,Development,Engineer
406714,F,Research,Senior Staff
406847,F,Sales,Staff
407522,M,Finance,Staff
407837,M,Quality Management,Senior Engineer
407837,M,Production,Senior Engineer
408019,F,Production,Senior Engineer
408114,M,Development,Engineer
408163,F,Quality Management,Senior Engineer
408163,F,Development,Senior Engineer
408417,F,Sales,Staff
408417,F,Finance,Staff
408437,M,Customer Service,Senior Staff
408447,M,Sales,Senior Staff
408447,M,Marketing,Senior Staff
408654,M,Customer Service,Senior Staff
408953,M,Development,Senior Engineer
409391,F,Production,Engineer
409798,M,Production,Technique Leader
409805,F,Quality Management,Senior Engineer
409898,M,Development,Senior Engineer
410028,M,Human Resources,Senior Staff
410372,M,Development,Senior Engineer
410433,M,Production,Senior Engineer
410616,F,Development,Senior Engineer
410804,M,Production,Senior Engineer
410881,F,Quality Management,Senior Engineer
410881,F,Production,Senior Engineer
411070,F,Development,Senior Engineer
411082,M,Production,Senior Engineer
411143,F,Marketing,Senior Staff
412404,F,Production,Senior Engineer
412757,F,Development,Engineer
413098,M,Research,Senior Staff
413205,M,Sales,Senior Staff
413666,M,Finance,Senior Staff
413729,M,Development,Technique Leader
413831,M,Customer Service,Senior Staff
413832,M,Human Resources,Senior Staff
414027,M,Customer Service,Senior Engineer
414027,M,Production,Senior Engineer
414091,M,Development,Engineer
414543,F,Production,Senior Engineer
414551,M,Development,Senior Engineer
414662,M,Development,Senior Engineer
414714,M,Research,Senior Staff
414814,M,Customer Service,Staff
414814,M,Development,Staff
414897,M,Sales,Senior Staff
415187,M,Production,Assistant Engineer
415338,M,Production,Assistant Engineer
415363,F,Sales,Senior Staff
415363,F,Marketing,Senior Staff
415563,F,Development,Senior Engineer
416074,M,Development,Senior Engineer
416383,M,Development,Senior Engineer
416420,M,Sales,Senior Staff
416492,M,Development,Senior Engineer
416660,M,Development,Senior Engineer
416720,F,Production,Senior Engineer
416877,M,Marketing,Senior Staff
416892,M,Production,Engineer
417435,M,Sales,Senior Staff
418239,M,Development,Senior Engineer
418239,M,Production,Senior Engineer
418247,M,Sales,Senior Staff
418247,M,Marketing,Senior Staff
418298,F,Production,Senior Engineer
418309,F,Production,Senior Engineer
418380,F,Production,Senior Engineer
418566,M,Production,Senior Engineer
418606,F,Production,Engineer
418717,F,Sales,Senior Staff
418860,F,Marketing,Senior Staff
419099,M,Sales,Staff
419953,M,Marketing,Senior Staff
420086,F,Development,Senior Engineer
420476,M,Customer Service,Senior Staff
420557,M,Sales,Senior Staff
420694,M,Research,Senior Staff
420732,M,Marketing,Senior Staff
420759,M,Sales,Staff
420765,M,Sales,Senior Staff
420877,M,Finance,Senior Staff
421022,M,Sales,Senior Staff
421033,F,Sales,Senior Staff
421074,F,Sales,Senior Staff
421312,M,Development,Engineer
421384,M,Human Resources,Senior Staff
421755,M,Production,Senior Engineer
422146,F,Research,Engineer
422146,F,Development,Engineer
422783,M,Production,Engineer
423038,M,Sales,Senior Staff
423204,M,Sales,Senior Staff
423208,F,Development,Engineer
423214,F,Finance,Senior Staff
423327,F,Sales,Senior Staff
423350,F,Sales,Senior Staff
423633,F,Development,Senior Engineer
423993,F,Development,Technique Leader
424569,F,Development,Engineer
424584,M,Development,Senior Engineer
424685,M,Finance,Senior Staff
424797,F,Sales,Senior Staff
424805,M,Sales,Senior Staff
424930,F,Human Resources,Senior Staff
424984,M,Development,Engineer
425437,M,Development,Engineer
425535,F,Marketing,Senior Staff
425540,F,Finance,Senior Staff
425757,M,Customer Service,Senior Staff
425757,M,Production,Senior Staff
425780,F,Sales,Senior Staff
425830,F,Development,Engineer
425875,F,Sales,Senior Staff
426153,M,Sales,Senior Staff
426168,M,Finance,Senior Staff
426228,M,Development,Engineer
426235,M,Human Resources,Senior Staff
426644,F,Production,Senior Engineer
426706,F,Production,Senior Engineer
426795,M,Customer Service,Senior Staff
426818,F,Customer Service,Senior Staff
426819,M,Production,Engineer
426824,F,Customer Service,Senior Staff
426824,F,Sales,Senior Staff
426958,M,Production,Senior Engineer
427313,M,Research,Senior Staff
427320,M,Development,Senior Engineer
427332,M,Customer Service,Staff
427571,M,Research,Senior Engineer
427571,M,Development,Senior Engineer
427776,F,Finance,Senior Staff
427805,M,Finance,Senior Staff
427823,M,Customer Service,Staff
427852,F,Production,Senior Engineer
428082,M,Human Resources,Senior Staff
428160,M,Human Resources,Senior Staff
428160,M,Marketing,Senior Staff
428195,M,Human Resources,Senior Staff
428195,M,Finance,Senior Staff
428219,F,Sales,Senior Staff
428917,M,Development,Senior Engineer
429087,M,Quality Management,Technique Leader
429231,F,Sales,Senior Staff
429238,M,Sales,Senior Staff
429249,M,Research,Senior Engineer
429249,M,Development,Senior Engineer
429316,F,Finance,Senior Staff
429381,M,Sales,Senior Staff
429481,M,Development,Engineer
429520,F,Quality Management,Engineer
429532,M,Customer Service,Senior Staff
429532,M,Sales,Senior Staff
429569,F,Development,Engineer
429703,F,Human Resources,Senior Staff
429899,M,Marketing,Staff
429954,M,Sales,Staff
430054,F,Development,Senior Engineer
430558,F,Quality Management,Senior Engineer
430593,M,Customer Service,Senior Staff
430631,F,Development,Engineer
430891,M,Production,Senior Engineer
431576,F,Human Resources,Senior Staff
431576,F,Finance,Senior Staff
431657,F,Development,Senior Engineer
431882,F,Development,Engineer
431887,M,Development,Senior Engineer
432031,F,Sales,Senior Staff
432034,M,Human Resources,Senior Staff
432034,M,Marketing,Senior Staff
432121,F,Customer Service,Senior Staff
432257,F,Production,Engineer
432261,F,Development,Senior Engineer
432399,M,Customer Service,Senior Engineer
432399,M,Production,Senior Engineer
432523,F,Development,Engineer
432665,M,Quality Management,Senior Engineer
432665,M,Development,Senior Engineer
432787,M,Development,Senior Engineer
432956,F,Marketing,Senior Staff
433059,M,Sales,Staff
433157,M,Sales,Staff
433260,M,Quality Management,Engineer
433438,M,Research,Senior Staff
434845,M,Sales,Senior Staff
434936,F,Development,Senior Engineer
435042,M,Sales,Staff
435060,M,Sales,Staff
435181,M,Marketing,Senior Staff
435289,M,Marketing,Senior Staff
435305,F,Sales,Senior Staff
435370,M,Sales,Senior Staff
435588,F,Human Resources,Senior Staff
435602,M,Sales,Senior Staff
435774,F,Sales,Senior Staff
435791,M,Quality Management,Senior Engineer
436558,F,Development,Senior Engineer
436797,M,Finance,Senior Staff
436827,F,Human Resources,Senior Staff
436915,F,Research,Staff
437276,F,Finance,Senior Staff
437369,F,Sales,Senior Staff
437395,M,Sales,Senior Staff
437395,M,Marketing,Senior Staff
437724,M,Human Resources,Staff
437870,F,Customer Service,Staff
437870,F,Development,Staff
438038,F,Sales,Senior Staff
438038,F,Marketing,Senior Staff
438264,M,Customer Service,Senior Staff
438557,F,Development,Engineer
439377,M,Development,Senior Engineer
439905,F,Customer Service,Senior Staff
439924,M,Finance,Senior Staff
440325,F,Sales,Senior Staff
440435,F,Development,Senior Engineer
440450,M,Human Resources,Senior Staff
440642,M,Sales,Senior Staff
440870,F,Customer Service,Senior Staff
440870,F,Marketing,Senior Staff
440937,F,Research,Senior Staff
441197,F,Sales,Senior Staff
441536,M,Quality Management,Senior Engineer
441536,M,Production,Senior Engineer
441954,F,Production,Engineer
441965,F,Research,Senior Staff
442002,M,Sales,Senior Staff
442096,M,Production,Senior Engineer
442312,F,Production,Senior Engineer
442490,M,Production,Engineer
442653,M,Development,Engineer
442700,F,Research,Staff
442898,M,Production,Engineer
443108,M,Human Resources,Senior Staff
443108,M,Finance,Senior Staff
443485,M,Research,Senior Staff
443841,M,Sales,Senior Staff
443873,M,Sales,Senior Staff
443873,M,Marketing,Senior Staff
444070,F,Customer Service,Senior Staff
444099,M,Sales,Senior Staff
444208,M,Sales,Senior Staff
444465,M,Development,Senior Engineer
444465,M,Production,Senior Engineer
444487,F,Development,Senior Engineer
444643,M,Research,Staff
445067,F,Quality Management,Senior Engineer
445152,M,Research,Senior Staff
445226,M,Production,Senior Engineer
445570,F,Development,Technique Leader
445723,F,Research,Senior Staff
445723,F,Production,Senior Staff
445941,M,Production,Technique Leader
445950,M,Quality Management,Senior Engineer
446121,M,Sales,Staff
446306,M,Production,Senior Engineer
446424,F,Development,Senior Engineer
446897,M,Production,Technique Leader
446959,M,Development,Senior Engineer
447018,M,Production,Senior Engineer
447135,M,Human Resources,Senior Staff
447232,M,Customer Service,Senior Staff
447232,M,Sales,Senior Staff
447376,F,Research,Staff
447544,M,Sales,Senior Staff
447613,M,Development,Senior Engineer
447877,M,Quality Management,Senior Engineer
447931,F,Sales,Senior Staff
447966,M,Production,Senior Engineer
447982,F,Production,Senior Engineer
447999,F,Development,Senior Engineer
448769,M,Production,Technique Leader
448900,M,Sales,Staff
448918,F,Production,Senior Engineer
448994,M,Finance,Staff
449189,F,Sales,Senior Staff
449815,M,Research,Senior Staff
449984,F,Development,Senior Engineer
450184,F,Development,Senior Engineer
450255,M,Development,Technique Leader
450309,M,Quality Management,Technique Leader
450475,M,Finance,Senior Staff
450817,M,Quality Management,Senior Engineer
450888,F,Sales,Senior Staff
450934,M,Production,Senior Engineer
450936,F,Finance,Senior Staff
451253,F,Sales,Senior Staff
451272,M,Development,Senior Engineer
451275,M,Research,Senior Staff
451333,M,Human Resources,Senior Staff
452137,M,Customer Service,Senior Engineer
452137,M,Production,Senior Engineer
452206,M,Sales,Staff
452325,F,Development,Senior Engineer
452347,M,Sales,Senior Staff
452365,M,Development,Engineer
452956,M,Customer Service,Senior Engineer
452956,M,Production,Senior Engineer
452957,M,Sales,Staff
452982,F,Marketing,Senior Staff
453070,F,Human Resources,Senior Staff
453154,F,Customer Service,Staff
453644,M,Marketing,Senior Staff
453688,F,Quality Management,Engineer
453723,F,Production,Senior Engineer
453760,F,Customer Service,Senior Staff
453790,M,Development,Senior Engineer
453913,M,Marketing,Senior Staff
454338,F,Quality Management,Engineer
454378,M,Production,Technique Leader
454736,F,Development,Engineer
454791,M,Production,Senior Engineer
454825,F,Production,Senior Engineer
454994,M,Production,Senior Engineer
455175,F,Marketing,Senior Staff
455284,F,Quality Management,Senior Engineer
455726,M,Sales,Senior Staff
455814,F,Production,Senior Engineer
455914,M,Development,Senior Engineer
456767,M,Sales,Senior Staff
456982,F,Development,Senior Engineer
457070,F,Human Resources,Senior Staff
457146,F,Research,Staff
457305,M,Sales,Staff
457337,F,Quality Management,Technique Leader
457411,M,Development,Senior Engineer
457489,F,Production,Senior Engineer
457611,M,Development,Engineer
457776,F,Production,Senior Engineer
457813,F,Production,Senior Engineer
457832,F,Development,Senior Engineer
457938,M,Customer Service,Senior Staff
457938,M,Marketing,Senior Staff
458111,F,Production,Engineer
458134,F,Human Resources,Senior Staff
458191,M,Research,Staff
458383,M,Development,Engineer
458726,M,Customer Service,Senior Staff
458790,M,Production,Senior Engineer
459172,F,Development,Engineer
459356,M,Development,Engineer
459429,M,Sales,Senior Staff
459685,M,Quality Management,Engineer
460131,F,Sales,Staff
460691,M,Human Resources,Senior Staff
460707,F,Development,Senior Engineer
460920,F,Sales,Senior Staff
461120,M,Research,Senior Engineer
461120,M,Development,Senior Engineer
461270,M,Sales,Staff
461801,M,Customer Service,Senior Staff
461801,M,Sales,Senior Staff
462493,M,Quality Management,Senior Engineer
462795,M,Research,Senior Staff
463023,M,Marketing,Staff
463099,F,Finance,Senior Staff
463212,F,Quality Management,Senior Engineer
463212,F,Production,Senior Engineer
463472,M,Customer Service,Technique Leader
463472,M,Production,Technique Leader
463495,F,Human Resources,Senior Staff
464284,M,Sales,Senior Staff
464303,F,Customer Service,Senior Staff
465062,M,Production,Senior Engineer
465076,M,Production,Senior Engineer
465085,M,Customer Service,Senior Staff
465409,M,Marketing,Senior Staff
465501,M,Human Resources,Senior Staff
465711,F,Development,Senior Engineer
465853,F,Human Resources,Staff
465874,F,Production,Engineer
466064,M,Sales,Senior Staff
466367,M,Customer Service,Senior Staff
466509,F,Development,Senior Engineer
466603,F,Marketing,Senior Staff
466745,M,Human Resources,Senior Staff
467176,F,Human Resources,Senior Staff
467269,M,Development,Technique Leader
467392,M,Production,Senior Engineer
467441,M,Production,Senior Engineer
467591,M,Human Resources,Staff
467591,M,Marketing,Staff
467886,M,Marketing,Senior Staff
467918,F,Customer Service,Staff
468360,M,Development,Technique Leader
468417,F,Production,Senior Engineer
468659,F,Development,Senior Engineer
468773,F,Quality Management,Senior Engineer
469104,M,Quality Management,Senior Engineer
469104,M,Production,Senior Engineer
469253,M,Development,Senior Engineer
469269,F,Production,Senior Engineer
469366,F,Quality Management,Senior Engineer
469399,F,Development,Engineer
469399,F,Production,Engineer
469527,F,Research,Staff
469529,M,Quality Management,Senior Engineer
469735,F,Development,Senior Engineer
469867,M,Research,Senior Staff
470456,F,Sales,Senior Staff
470472,F,Development,Senior Engineer
471397,F,Research,Engineer
471397,F,Development,Engineer
471532,M,Development,Technique Leader
471552,F,Finance,Staff
471911,M,Quality Management,Engineer
471939,M,Research,Staff
471939,M,Production,Staff
472052,M,Development,Assistant Engineer
472143,F,Sales,Senior Staff
472238,M,Production,Senior Engineer
472790,M,Development,Senior Engineer
472950,F,Production,Senior Engineer
473268,M,Sales,Senior Staff
473299,F,Sales,Senior Staff
473490,F,Research,Senior Staff
473940,M,Production,Engineer
474331,F,Human Resources,Senior Staff
474331,F,Finance,Senior Staff
474763,F,Development,Engineer
474796,M,Customer Service,Technique Leader
474796,M,Production,Technique Leader
475087,F,Production,Senior Engineer
475258,M,Customer Service,Senior Staff
475258,M,Production,Senior Staff
475538,F,Human Resources,Staff
475938,M,Development,Senior Engineer
475965,M,Development,Senior Engineer
476055,F,Research,Senior Staff
476122,M,Production,Engineer
476327,M,Production,Senior Engineer
476361,M,Research,Technique Leader
476361,M,Development,Technique Leader
477350,M,Sales,Staff
477578,F,Development,Senior Engineer
477969,M,Development,Senior Engineer
478007,M,Production,Senior Engineer
478170,F,Quality Management,Engineer
478170,F,Development,Engineer
478218,M,Research,Engineer
478218,M,Development,Engineer
478439,M,Development,Technique Leader
478768,M,Production,Senior Engineer
478799,F,Marketing,Senior Staff
478833,F,Production,Senior Engineer
478858,M,Customer Service,Staff
479024,F,Production,Engineer
479407,M,Production,Senior Engineer
479601,M,Research,Staff
479695,M,Human Resources,Senior Staff
479695,M,Marketing,Senior Staff
480035,M,Research,Senior Staff
480035,M,Development,Senior Staff
480066,F,Quality Management,Senior Engineer
480178,F,Research,Senior Staff
480268,M,Development,Technique Leader
480407,M,Development,Senior Engineer
481050,F,Human Resources,Senior Staff
481213,F,Sales,Senior Staff
481397,M,Production,Assistant Engineer
481764,M,Production,Senior Engineer
481790,F,Research,Senior Engineer
481790,F,Development,Senior Engineer
482335,M,Development,Engineer
482354,F,Research,Staff
482755,M,Marketing,Senior Staff
482885,M,Production,Senior Engineer
482905,F,Finance,Senior Staff
482944,M,Sales,Senior Staff
483401,M,Sales,Senior Staff
483675,M,Production,Senior Engineer
483825,M,Production,Senior Engineer
483838,F,Production,Assistant Engineer
483978,M,Sales,Senior Staff
484126,F,Human Resources,Senior Staff
484142,M,Human Resources,Senior Staff
484498,F,Production,Senior Engineer
484756,M,Development,Senior Engineer
485253,M,Customer Service,Senior Staff
485489,F,Development,Senior Engineer
485577,F,Development,Senior Engineer
485579,M,Development,Senior Engineer
485799,M,Research,Senior Staff
485817,F,Development,Engineer
485817,F,Production,Engineer
486068,F,Human Resources,Senior Staff
486808,M,Quality Management,Senior Engineer
486918,F,Sales,Senior Staff
486956,F,Production,Engineer
486958,F,Development,Senior Engineer
487008,F,Sales,Senior Staff
487505,F,Research,Senior Staff
487988,M,Human Resources,Senior Staff
488095,F,Customer Service,Senior Staff
488142,M,Sales,Senior Staff
488482,F,Development,Engineer
488540,F,Finance,Senior Staff
488619,F,Production,Engineer
488693,F,Development,Senior Engineer
488707,F,Sales,Senior Staff
488752,M,Marketing,Senior Staff
488788,M,Customer Service,Senior Staff
488984,M,Sales,Senior Staff
488984,M,Finance,Senior Staff
489755,M,Human Resources,Senior Staff
489755,M,Finance,Senior Staff
489756,F,Finance,Senior Staff
489928,F,Development,Assistant Engineer
490551,M,Development,Engineer
490557,M,Production,Senior Engineer
490568,M,Development,Senior Engineer
490720,F,Quality Management,Senior Engineer
490720,F,Production,Senior Engineer
491079,F,Development,Senior Engineer
491162,M,Development,Senior Engineer
491478,M,Sales,Senior Staff
491596,F,Quality Management,Senior Engineer
491596,F,Production,Senior Engineer
491632,M,Customer Service,Senior Staff
492000,M,Human Resources,Senior Staff
492052,M,Customer Service,Staff
492217,M,Development,Senior Engineer
492639,M,Development,Engineer
492677,M,Production,Senior Engineer
493031,F,Customer Service,Senior Staff
493048,M,Sales,Senior Staff
493096,M,Development,Engineer
493744,M,Production,Senior Engineer
494019,M,Marketing,Senior Staff
494088,M,Production,Senior Engineer
494493,M,Marketing,Staff
494995,F,Sales,Senior Staff
496100,F,Customer Service,Staff
496970,F,Production,Senior Engineer
496978,F,Marketing,Senior Staff
497007,M,Customer Service,Senior Engineer
497007,M,Production,Senior Engineer
497174,M,Development,Senior Engineer
497340,F,Marketing,Senior Staff
497391,M,Quality Management,Engineer
497835,F,Production,Technique Leader
498185,F,Development,Senior Engineer
498337,F,Sales,Staff
498456,M,Customer Service,Senior Staff
498635,F,Sales,Senior Staff
498838,M,Research,Senior Staff
498845,M,Development,Senior Engineer
498955,F,Production,Senior Engineer
499194,M,Customer Service,Senior Staff
499194,M,Marketing,Senior Staff
499260,M,Production,Engineer
499495,M,Development,Engineer
